"id","msg_id","thread_id","type","content","status","metadata","created_at","updated_at","deleted_at"
74,ed9a32a2-3523-4a8d-be9e-9d5c01283b4d,"2d3c4039-67d8-4d38-98b2-ea0975ff1632",text,"{""id"":""ed9a32a2-3523-4a8d-be9e-9d5c01283b4d"",""role"":""user"",""content"":""使用A2UI发送欢迎卡片""}",completed,"","2026-02-19 23:05:47.411","2026-02-19 23:05:47.411",
75,"953ad719-1ea2-48e4-bc1d-923bfee30e47","2d3c4039-67d8-4d38-98b2-ea0975ff1632",thinking_message,"{""id"":""953ad719-1ea2-48e4-bc1d-923bfee30e47"",""role"":""reasoning"",""content"":""\n用户现在需要用A2UI发送欢迎卡片对吧？首先，我得先知道有哪些可用的A2UI啊，对吧？首先第一步应该调用list_a2uis函数，先列出所有能访问的A2UI，这样才能找到对应的欢迎卡片的a2ui_id对吧？哦不对，不对，等下，或者是不是我得先调list_a2uis来获取相关的ID？对，首先用户要发欢迎卡片，首先得知道对应的a2ui_id是什么，所以首先得调用list_a2uis这个函数，先列出所有的A2UI，找到欢迎卡片对应的那个ID，然后才能用send_a2ui对吧？不对，等下，有没有可能我是不是漏了？哦对，首先第一步必须先调用list_a2uis来获取所有可用的A2UI，这样才能找到欢迎卡片的a2ui_id。所以现在应该先调用list_a2uis函数，参数是空的对吧？对，list_a2uis的parameters是空的，所以直接调用就行。""}",completed,"","2026-02-19 23:05:47.416","2026-02-19 23:05:47.416",
76,call_tni8hb4uarvn03nqw6rreotu,"2d3c4039-67d8-4d38-98b2-ea0975ff1632",tool_call,"{""id"":""call_tni8hb4uarvn03nqw6rreotu"",""role"":""assistant"",""toolCalls"":[{""id"":""call_tni8hb4uarvn03nqw6rreotu"",""type"":""function"",""function"":{""name"":""list_a2uis"",""arguments"":""{}""}}]}",completed,"","2026-02-19 23:05:47.416","2026-02-19 23:05:47.416",
77,"994389db-427a-4fbc-87c5-af65a206ca81","2d3c4039-67d8-4d38-98b2-ea0975ff1632",thinking,"{""id"":""994389db-427a-4fbc-87c5-af65a206ca81"",""role"":""reasoning"",""content"":""""}",completed,"","2026-02-19 23:05:47.416","2026-02-19 23:05:47.416",
78,"50e2431f-2438-48fa-bbc3-bb3a10d7a1c2","2d3c4039-67d8-4d38-98b2-ea0975ff1632",tool_result,"{""id"":""50e2431f-2438-48fa-bbc3-bb3a10d7a1c2"",""role"":""tool"",""content"":""[{\""a2ui_id\"":\""ad1f14c9-1f53-48df-ae62-021035c260ec\"",\""name\"":\""欢迎卡片\"",\""description\"":\""欢迎你\"",\""type\"":\""official\""},{\""a2ui_id\"":\""ffe9029e-afca-4a2f-8722-05ed846dfdd7\"",\""name\"":\""菜单卡片\"",\""description\"":\""展示菜单\"",\""type\"":\""official\""},{\""a2ui_id\"":\""f0c9dd1a-c00f-49d6-a3c3-ce0e31cd8f36\"",\""name\"":\""展示航班\"",\""description\"":\""展示航班信息\"",\""type\"":\""custom\""}]"",""toolCallId"":""call_tni8hb4uarvn03nqw6rreotu""}",completed,"","2026-02-19 23:05:47.416","2026-02-19 23:05:47.416",
79,"7f5867a5-4851-4321-bcce-9f4344eef29d","2d3c4039-67d8-4d38-98b2-ea0975ff1632",thinking_message,"{""id"":""7f5867a5-4851-4321-bcce-9f4344eef29d"",""role"":""reasoning"",""content"":""\n用户现在需要用A2UI发送欢迎卡片，刚才调用list_a2uis已经拿到了欢迎卡片的a2ui_id是ad1f14c9-1f53-48df-ae62-021035c260ec对吧。接下来要调用send_a2ui函数对吧？首先得填必填参数，msg_id的话，随便生成一个就行？比如就用\""msg_001\""？surface_id默认是default对吧？a2ui_id就是刚才拿到的那个。data_json的话，如果没有自定义数据的话，就传个空的JSON字符串？比如\""{}\""对吧？对，检查下必填参数：msg_id、surface_id、a2ui_id、data_json，这四个都是必填的，所以都要填。那参数就是msg_id是\""msg_001\""，surface_id是\""default\""，a2ui_id是\""ad1f14c9-1f53-48df-ae62-021035c260ec\""，data_json是\""{}\""对吧？那现在就构造send_a2ui的调用就好了。""}",completed,"","2026-02-19 23:05:47.416","2026-02-19 23:05:47.416",
80,call_c67fy9jvah7z2y1d6yeuhgx9,"2d3c4039-67d8-4d38-98b2-ea0975ff1632",tool_call,"{""id"":""call_c67fy9jvah7z2y1d6yeuhgx9"",""role"":""assistant"",""toolCalls"":[{""id"":""call_c67fy9jvah7z2y1d6yeuhgx9"",""type"":""function"",""function"":{""name"":""send_a2ui"",""arguments"":""{\""msg_id\"": \""msg_01\"", \""surface_id\"": \""default\"", \""a2ui_id\"": \""ad1f14c9-1f53-48df-ae62-021035c260ec\"", \""data_json\"": \""{}\""}""}}]}",completed,"","2026-02-19 23:05:47.416","2026-02-19 23:05:47.416",
81,"688c5406-669e-4fc2-a2d3-bcf84861fc80","2d3c4039-67d8-4d38-98b2-ea0975ff1632",thinking,"{""id"":""688c5406-669e-4fc2-a2d3-bcf84861fc80"",""role"":""reasoning"",""content"":""""}",completed,"","2026-02-19 23:05:47.416","2026-02-19 23:05:47.416",
82,msg_001,"2d3c4039-67d8-4d38-98b2-ea0975ff1632",activity,"{""id"":""msg_001"",""role"":""activity"",""content"":{""operations"":[{""surfaceUpdate"":{""components"":[{""component"":{""Card"":{""child"":""content""}},""id"":""root""},{""component"":{""Column"":{""alignment"":""center"",""children"":{""explicitList"":[""welcomeText""]},""distribution"":""center""}},""id"":""content""},{""component"":{""Text"":{""text"":{""literalString"":""welcome to use openIntern""},""usageHint"":""h2""}},""id"":""welcomeText""}],""surfaceId"":""default""}},{""dataModelUpdate"":{""contents"":[],""surfaceId"":""default""}},{""beginRendering"":{""root"":""root"",""surfaceId"":""default""}}]},""activityType"":""a2ui-surface""}",completed,"","2026-02-19 23:05:47.416","2026-02-19 23:05:47.416",
83,a6a83aff-615a-4fe7-8961-ffeb4eb2b54b,"2d3c4039-67d8-4d38-98b2-ea0975ff1632",tool_result,"{""id"":""a6a83aff-615a-4fe7-8961-ffeb4eb2b54b"",""role"":""tool"",""content"":""{\""status\"":\""ok\"",\""message\"":\""A2UI 已发送\""}"",""toolCallId"":""call_c67fy9jvah7z2y1d6yeuhgx9""}",completed,"","2026-02-19 23:05:47.416","2026-02-19 23:05:47.416",
84,dcf9f5eb-b508-4c08-a754-08d40aee0126,"2d3c4039-67d8-4d38-98b2-ea0975ff1632",thinking_message,"{""id"":""dcf9f5eb-b508-4c08-a754-08d40aee0126"",""role"":""reasoning"",""content"":""\n用户让我用A2UI发送欢迎卡片，现在已经调用了send_a2ui成功了，返回状态ok，说明欢迎卡片已经发送完成了，直接告诉用户结果就行。""}",completed,"","2026-02-19 23:05:47.416","2026-02-19 23:05:47.416",
85,"0eb61eb1-841a-44e0-a060-3d236028c7a8","2d3c4039-67d8-4d38-98b2-ea0975ff1632",text,"{""id"":""0eb61eb1-841a-44e0-a060-3d236028c7a8"",""role"":""assistant"",""content"":""已成功为您发送欢迎卡片，请在会话中查看~""}",completed,"","2026-02-19 23:05:47.416","2026-02-19 23:05:47.416",
86,"86b7de03-86ad-48f2-8306-1640ee0520af","2d3c4039-67d8-4d38-98b2-ea0975ff1632",thinking,"{""id"":""86b7de03-86ad-48f2-8306-1640ee0520af"",""role"":""reasoning"",""content"":""""}",completed,"","2026-02-19 23:05:47.416","2026-02-19 23:05:47.416",
